Date,Open,High,Low,Close,Volume
2018-01-02,148.64,152.345,148.13,151.94,441820
2018-01-03,151.1,152.55,149.93,150.09,259644
2018-01-04,149.76,150.81,148.21,149.83,456142
2018-01-05,149.5,150.77,148.32,149.79,365608
2018-01-08,150.3,150.98,148.47,149.85,291491
2018-01-09,150.1,151.365,148.54,150.38,268481
2018-01-10,149.1,149.76,145.66,146.68,268754
2018-01-11,147,147.18,141.01,142.93,601555
2018-01-12,143.31,143.45,140.43,141.27,417842
2018-01-16,140.98,142.18,134.91,135.12,627901
2018-01-17,135.93,143,135.4,140.32,632416
2018-01-18,139.5,140.58,138,139.53,446979
2018-01-19,140.22,141.05,137.97,139.51,463591
2018-01-22,139.36,143.67,139.11,143.46,254760
2018-01-23,143.12,143.73,141.9,142.72,303579
2018-01-24,143.72,143.72,137.62,138.33,316749
2018-01-25,139.5,141.94,137.345,138.42,297563
2018-01-26,138.64,138.98,136.19,136.97,386769
2018-01-29,136.57,139.59,136.01,138.37,287011
2018-01-30,137.26,137.83,135.71,135.97,465708
2018-01-31,136.67,137.32,128.79,129,670515
2018-02-01,128.64,137.38,127.641,136.49,463689
2018-02-02,135.19,136.14,131.05,133.31,404853
2018-02-05,132.21,134.61,126.68,127.12,351309
2018-02-06,125.81,132.1,123.305,131.19,347452
2018-02-07,130.33,133.87,129.74,132.26,351947
2018-02-08,132.7,133.74,125.98,126.26,496492
2018-02-09,127.01,130.54,122.25,128.71,462745
2018-02-12,129.87,132.4,127.49,129.48,381836
2018-02-13,128.33,130.05,126.645,129.16,327749
2018-02-14,128.34,137.18,128.34,136.91,397169
2018-02-15,137.33,137.8,133.54,136.18,356886
2018-02-16,136.38,139.22,134.77,135,330541
2018-02-20,133.81,139.54,133.65,134.96,546315
2018-02-21,134.3,134.3,120.675,122.17,1675068
2018-02-22,122.08,124.99,115.121,117.55,1086837
2018-02-23,118.82,119.2,115.94,118.04,411852
2018-02-26,117.45,117.68,113.121,115.97,505831
2018-02-27,115.71,118.06,113.49,115.05,484701
2018-02-28,115.78,116.66,114.75,115.85,635223
2018-03-01,115.52,116.91,111.11,113.56,570615
2018-03-02,113.14,115.78,111.545,113.79,369454
2018-03-05,112.89,113.67,110.15,110.44,352715
2018-03-06,111,112.87,108.65,112.77,473015
2018-03-07,111.46,112.725,107.82,110.02,681258
2018-03-08,110.64,118.44,109.975,115.36,630744
2018-03-09,115.65,116.36,113.54,115.34,367080
2018-03-12,115.42,116.64,114.56,116.07,342698
2018-03-13,116.51,116.51,113,113.89,288924
2018-03-14,113.85,114.61,111.62,111.88,373708
2018-03-15,112.33,112.33,109.93,111,363028
2018-03-16,111.04,112.31,110.4,111.14,613296
2018-03-19,110.63,112.71,108.64,110.04,386916
2018-03-20,110.52,111.01,107.29,107.71,398381
2018-03-21,107.22,109.951,106.81,109.06,331749
2018-03-22,108.18,110.28,106.3,108.42,305648
2018-03-23,108.67,110,107.11,107.39,301155
2018-03-26,108.73,109.935,106.801,109.4,374691
2018-03-27,109.3,109.84,106.91,107.21,367922
2018-03-28,108.65,111.46,108.51,110.5,401443
2018-03-29,110.7,112.87,109.445,112.36,369262
2018-04-02,111.59,111.59,106.86,107.42,466052
2018-04-03,111.98,118.25,110.97,115.77,713407
2018-04-04,113.81,116.5,112.53,116.34,515275
2018-04-05,117.5,118.93,112.485,113.03,404395
2018-04-06,112.09,113.3,109.69,110.26,345297
2018-04-09,111.67,112.12,109.235,110.38,445280
2018-04-10,112.15,112.5,109.66,111.97,347142
2018-04-11,112.81,113.98,112.81,112.81,340958
2018-04-12,112.79,113.12,110.285,110.8,277429
2018-04-13,111.61,114.095,111.09,112.47,304593
2018-04-16,113.06,114.23,111.9,112.88,293654
2018-04-17,113.69,115.69,112.04,114.09,326656
2018-04-18,113.94,115.58,110.86,112.19,553645
2018-04-19,112.09,115.105,111.53,112.99,304282
2018-04-20,113.13,114.815,112.19,114.06,501383
2018-04-23,114.25,114.8,110.51,111.5,343428
2018-04-24,111.34,111.88,108.61,110.05,288601
2018-04-25,110.11,111.35,108.33,109.77,273733
2018-04-26,110.6,112.44,109.94,110.87,243246
2018-04-27,110.64,111.94,108.82,110.4,235715
2018-04-30,110.11,112.81,109.46,110.11,451045
2018-05-01,110.33,112.23,108.9,111.67,353110
2018-05-02,112.65,112.98,101.99,104.31,892953
2018-05-03,102.97,105.54,100.76,102.36,454198
2018-05-04,102.02,103.8,101.18,102.98,385802
2018-05-07,102.99,104.36,101.81,102.4,299813
2018-05-08,103.74,103.76,101.46,101.93,551762
2018-05-09,102.24,103.94,101.05,103.51,370144
2018-05-10,102.87,103.28,100.64,101.14,339564
2018-05-11,101.63,103.5,100.57,102.9,357843
2018-05-14,103.32,106.72,103.32,106.56,301365
2018-05-15,105.6,108.11,105.01,107.05,429915
2018-05-16,107.4,110.05,106.115,108.91,318917
2018-05-17,108.44,108.8,107.33,107.7,363047
2018-05-18,107.67,108.42,106.11,106.27,348257
2018-05-21,106.83,106.938,104,104.12,300898
2018-05-22,104.09,106.65,104.09,105.08,215427
2018-05-23,104.35,106.61,103.97,105.56,211176
2018-05-24,105.58,107.34,104.305,104.73,198290
2018-05-25,104.82,107.24,103.57,103.6,215811
2018-05-29,103.14,105.67,102.7,105.26,262249
2018-05-30,105.25,108.72,105.19,108.35,390804
2018-05-31,107.85,107.85,105.645,106.58,432444
2018-06-01,107.36,108.34,106.27,106.99,349312
2018-06-04,107.63,110.1,107.281,109.86,338410
2018-06-05,110.05,110.73,108.02,108.5,227254
2018-06-06,108.56,111.59,107.8,110.68,336702
2018-06-07,111.04,112.105,110.03,110.96,213924
2018-06-08,110.45,112.01,109.95,111.89,358492
2018-06-11,112.1,113.285,111.95,112.53,183883
2018-06-12,112.29,113.26,111.34,112.91,392889
2018-06-13,113.38,113.84,111.9,112.61,233204
2018-06-14,112.84,114.35,111.71,114.17,282221
2018-06-15,114.35,118,111.56,117.33,791764
2018-06-18,116.03,118.594,114.065,115.56,337554
2018-06-19,114.78,117.7,114.78,117.49,237806
2018-06-20,117.35,118.56,116.485,118.31,251401
2018-06-21,118.17,118.17,115.89,116.73,190233
2018-06-22,117.23,118.14,115.525,116.47,394711
2018-06-25,116.24,117,113.06,113.5,274735
2018-06-26,113.88,113.88,111.19,112.14,314765
2018-06-27,112.5,112.685,108.27,108.46,212987
2018-06-28,108.85,111.62,107.08,111.47,332362
2018-06-29,111.11,114.91,111.11,113.15,392006
2018-07-02,111.74,114.33,110.004,113.81,296785
2018-07-03,114.64,117.71,113.835,116.41,244319
2018-07-05,116.65,117.385,114.7,116.95,237539
2018-07-06,117.52,120.76,115.23,120.29,321598
2018-07-09,120.49,123.6,119.98,123.03,275750
2018-07-10,123.7,123.94,121.082,121.45,325794
2018-07-11,120.37,123.71,120.37,122.98,276502
2018-07-12,123.52,124.18,122.4,124.14,238149
2018-07-13,124.18,125.96,123.49,124.74,190711
2018-07-16,124.82,124.82,121.31,122.24,408628
2018-07-17,121.5,124.04,121.465,123.89,424333
2018-07-18,124.36,124.69,122.38,123.13,281167
2018-07-19,123.31,124.97,121.74,124.09,242856
2018-07-20,123.46,126.64,121.822,125.03,380784
2018-07-23,125.47,126.79,123.94,125.99,267525
2018-07-24,127.34,127.78,124.28,124.76,279682
2018-07-25,125.18,126.173,123.69,124.27,326762
2018-07-26,124.41,126.57,123.303,125.68,306462
2018-07-27,125.89,125.89,121.83,122.98,325853
2018-07-30,123.17,123.73,119.07,120.26,443550
2018-07-31,121.14,125.09,120.49,122.91,383096
2018-08-01,122.91,124.59,113.5,116.66,604090
2018-08-02,117.79,124.74,116.901,123.24,483903
2018-08-03,123.74,127.39,123.74,127.07,341595
2018-08-06,126.1,129,122.2,123.75,390166
2018-08-07,124.51,126.27,123,124.82,338846
2018-08-08,124.83,128.88,123.23,126.17,1053032
2018-08-09,125.58,128.38,123.051,127.01,513228
2018-08-10,126.53,127.83,125.215,126.58,326676
2018-08-13,126.86,127.32,122.4,122.69,449014
2018-08-14,123.28,125.07,122.77,123.31,416918
2018-08-15,122.55,124.78,121.2,124.63,269472
2018-08-16,125.2,129.95,124,129.46,533360
2018-08-17,129.91,130,124.69,125.61,325481
2018-08-20,126.33,126.33,124.38,125.03,330774
2018-08-21,125.34,128.22,124.68,128.11,452946
2018-08-22,127.49,129.27,126.91,127.89,299858
2018-08-23,127.76,128.54,124.09,126.08,277262
2018-08-24,125.97,126.79,123.35,123.92,382041
2018-08-27,124.59,127.28,124.11,126.78,391019
2018-08-28,126.52,127.42,125.65,126.23,306825
2018-08-29,126.87,127.03,124.61,125.66,316108
2018-08-30,125.05,126.5,123.26,123.68,413048
2018-08-31,123.14,124.31,122.61,122.99,373430
2018-09-04,123.45,123.99,117.52,119.45,610476
2018-09-05,118.99,121.175,118.99,119.24,439552
2018-09-06,119.66,119.66,117.53,118.48,248775
2018-09-07,117.8,118.67,116.69,118.48,210019
2018-09-10,119,121.71,118.21,121.44,235252
2018-09-11,121.9,122.33,119.86,121.85,281653
2018-09-12,122.33,123.58,120.45,123.39,257956
2018-09-13,122.99,125.19,122.58,124.52,238626
2018-09-14,125,126.13,123.295,123.92,288900
2018-09-17,124.09,126.24,122.655,125.94,266998
2018-09-18,126,127.74,124.42,126.2,288769
2018-09-19,126.44,127.793,124.92,125.86,270035
2018-09-20,126.52,127,124.09,124.23,228850
2018-09-21,124.18,127.69,122.71,122.74,501961
2018-09-24,122.95,125.79,122.345,125.32,214893
2018-09-25,126.27,126.75,124.565,125.51,328056
2018-09-26,125.46,127.79,123.93,125.27,404627
2018-09-27,125.2,127.43,124.03,126.37,264609
2018-09-28,125.6,129,125.465,127.88,557950
2018-10-01,128.41,128.41,125.35,125.96,304136
2018-10-02,126.3,127.14,124.53,126.11,266276
2018-10-03,127.14,129.59,125.15,128.73,315590
2018-10-04,128.16,128.68,124.35,125.11,357206
2018-10-05,125.59,127.68,123.42,124.87,267172
2018-10-08,125,127.44,123.17,126.65,257988
2018-10-09,126.83,127,124.67,125.17,247432
2018-10-10,125.1,126.9,123.665,123.96,232517
2018-10-11,124.42,127.05,121.23,121.38,357256
2018-10-12,122.35,125.04,120.39,123.11,426885
2018-10-15,123.36,125.13,122.82,123.42,265222
2018-10-16,124.05,127.11,123.61,127.04,279352
2018-10-17,127.46,128.55,126.17,127,362864
2018-10-18,127.39,128.18,125.46,125.83,344735
2018-10-19,126.54,127.86,122.525,122.95,320070
2018-10-22,123.94,125.24,120.79,122.27,318927
2018-10-23,120.79,125.66,118.53,124.49,406886
2018-10-24,124.76,124.76,115.94,116.13,502190
2018-10-25,116.84,120.36,115.51,118.95,350499
2018-10-26,117.97,119.87,115.234,118.39,379207
2018-10-29,119.92,121.23,115.64,117.67,313892
2018-10-30,117.81,122.85,117.56,122.67,385939
2018-10-31,118.37,125.7,109.82,110.86,806572
2018-11-01,110.78,115.24,110.18,115.04,670719
2018-11-02,115.75,117.17,113.02,114.64,388172
2018-11-05,115.27,116.71,113.86,115.06,485402
2018-11-06,115.24,118.06,115.24,116.98,398161
2018-11-07,117.85,119.94,115.28,116.55,502299
2018-11-08,116.98,119.39,116.15,116.96,338785
2018-11-09,116.52,117.135,113.86,114.39,411352
2018-11-12,114.3,115.16,111.51,111.79,312283
2018-11-13,112.78,114.39,112.03,112.72,250812
2018-11-14,113.39,114.156,109.16,110.97,377502
2018-11-15,111.04,120.94,110.5,116.31,595642
2018-11-16,115.98,122.14,114.41,121.49,400412
2018-11-19,121.49,122.37,115.765,116.52,480531
2018-11-20,115.04,116.6,112.655,113.22,327795
2018-11-21,113.49,116.34,112.25,114.22,399934
2018-11-23,113.74,116.66,111.65,115.17,200622
2018-11-26,116.66,116.8,113.44,115.11,530682
2018-11-27,114.15,114.48,112.74,113.53,262051
2018-11-28,113.75,117.78,112.335,117.74,234748
2018-11-29,116.93,118.7,116.685,117.29,254731
2018-11-30,117.7,119.72,116.268,118.1,422812
2018-12-03,118.06,119.76,116.83,119.53,514610
2018-12-04,120.49,121,113.04,113.29,443013
2018-12-06,111.58,113.93,110.61,112.77,474631
2018-12-07,112.75,113.46,108.48,109.44,522416
2018-12-10,109.45,110.195,106.73,108.5,351340
2018-12-11,110.3,111.91,108.28,109.79,497732
2018-12-12,111.52,113.95,110.91,112.01,385817
2018-12-13,111.95,112.46,109.42,110.15,331657
2018-12-14,109.2,110.97,107.51,107.89,398978
2018-12-17,107.78,109.63,106.143,106.59,397869
2018-12-18,107.71,108.85,105.15,106.1,211478
2018-12-19,105.57,107.72,102.265,104.17,356743
2018-12-20,104.38,105.56,102.19,103.04,491491
2018-12-21,103.56,106.13,100.602,102.51,1096584
2018-12-24,101.99,103.12,100.06,101.4,192097
2018-12-26,101.55,106.04,101.55,105.85,327056
2018-12-27,104.12,105.33,101.76,105.3,300809
2018-12-28,105.5,107.29,104,105.04,309324
2018-12-31,105.68,108.91,105.68,108.9,373331
2019-01-02,107.85,109.63,106.58,107.65,518184
2019-01-03,107.88,108.61,105.88,107.15,351513
2019-01-04,108.43,112.66,108.43,112.3,590589
2019-01-07,112.67,114.93,110.655,113.86,331443
2019-01-08,114.89,114.89,111.74,113.36,368350
2019-01-09,113.87,114.31,112.04,113.51,249482
2019-01-10,113,114.65,111.47,114.28,316741
2019-01-11,114.17,115.74,113.45,114.86,166131
2019-01-14,114.36,115.92,113.6,114,400262
2019-01-15,114.73,115.95,113.34,114.95,286312
2019-01-16,115.13,116.23,112.72,113.62,311154
2019-01-17,113.04,114.96,112.27,114.19,284733
2019-01-18,115.02,115.82,114.29,115.75,290827
2019-01-22,115.15,115.15,112.245,113.9,388955
2019-01-23,114.18,115.08,110.51,114.62,474054
2019-01-24,114.6,115.45,112.53,114.3,215120
2019-01-25,114.58,116.13,111.005,115.93,354274
2019-01-28,115.2,116.49,113.66,116.33,420292
2019-01-29,116.53,116.695,114.8,116.07,265846
2019-01-30,116.16,116.69,114.26,116.12,236057
2019-01-31,115.97,115.97,114.45,115.33,302570
2019-02-01,115.52,116.25,114.55,115.83,273070
2019-02-04,115.5,116.93,114.32,116.88,150165
2019-02-05,116.9,118.15,116.26,116.95,289732
2019-02-06,116.95,118.04,115.66,116.5,220942
2019-02-07,116.35,116.93,114.83,115.3,217740
2019-02-08,114.89,116.89,114.58,116.48,305792
2019-02-11,116.67,118.19,116.454,117.5,202621
2019-02-12,117.91,118.53,116.78,118.11,210293
2019-02-13,118.47,118.99,117.12,117.78,204765
2019-02-14,117.65,119.48,117.65,118.54,186114
2019-02-15,119.05,119.65,118.34,119.63,227148
2019-02-19,118.91,119.67,117.64,118.77,215503
2019-02-20,118.83,119.18,117.59,117.89,171257
2019-02-21,117.49,118.16,116.26,117.02,163895
2019-02-22,117.58,118.31,116.09,118.3,242710
2019-02-25,118.82,120.255,118.345,119.87,345317
2019-02-26,119.6,122.6,119.245,121.95,494244
2019-02-27,127.53,127.53,119.56,125.54,488241
2019-02-28,125.34,127.95,124.845,126.29,385560
2019-03-01,126.65,128.94,126.51,126.84,516061
2019-03-04,127.76,127.98,119.84,120.12,497787
2019-03-05,119.82,119.875,115.02,115.4,905364
2019-03-06,115.02,116.29,111.01,111.19,659906
2019-03-07,110.98,111.9,109.39,111.06,500268
2019-03-08,110.72,111.34,109.62,110.61,369094
2019-03-11,110.69,112.585,110.444,111.83,440137
2019-03-12,112.51,112.78,110.7,111.36,673775
2019-03-13,111.77,118.09,111.17,115.56,725029
2019-03-14,115.42,117.27,114.59,117.03,379582
2019-03-15,117.12,118.33,116.67,117.76,622542
2019-03-18,117.76,119.27,116.36,118.85,311015
2019-03-19,119.3,120.54,118.213,118.65,267325
2019-03-20,118.86,122.68,118.49,121.24,470841
2019-03-21,120.84,123.69,119.18,122.99,473529
2019-03-22,122.79,123.875,120.68,120.8,275460
2019-03-25,120.9,122.17,119.19,120.29,346746
2019-03-26,118.83,121.54,116.95,118.07,308626
2019-03-27,118.16,118.92,116.29,116.53,335462
2019-03-28,116.81,118.65,116.36,117.21,209253
2019-03-29,118.25,118.86,116.84,117.37,454767
2019-04-01,118.54,118.69,117.22,117.92,291115
2019-04-02,118.15,118.74,116.75,116.82,279648
2019-04-03,117.42,117.6,116.31,117.39,476613
2019-04-04,117.62,118.6,116.73,118.49,336360
2019-04-05,118.9,121.11,118.34,120.81,358556
2019-04-08,117.45,118.66,113.8,113.92,698768
2019-04-09,113.33,113.33,110.61,110.65,558792
2019-04-10,110.66,111.35,110.08,110.81,454418
2019-04-11,111.2,111.74,109.05,109.91,436951
2019-04-12,110.39,110.53,106.98,107.91,429377
2019-04-15,108.16,108.67,107.36,107.98,350638
2019-04-16,108.6,108.85,106.38,107,326266
2019-04-17,107.19,107.28,100.4,100.65,786103
2019-04-18,101.36,102.4,98.77,100.34,652181
2019-04-22,99.91,101,98.18,98.84,444523
2019-04-23,99.56,105,99.205,104.31,952389
2019-04-24,104.21,104.31,102.62,103.5,507765
2019-04-25,103.27,103.9,100.96,102.04,488525
2019-04-26,102.18,105.18,101.67,104.89,507820
2019-04-29,105.46,105.68,101.72,101.89,582828
2019-04-30,102.19,103.34,100.12,102.57,502170
2019-05-01,103.45,105.87,98.53,99.3,972846
2019-05-02,100.1,101.47,99.38,101.25,692927
2019-05-03,101.39,101.91,97.62,98.64,869392
2019-05-06,97.75,100.96,97.51,100.64,532055
2019-05-07,99.95,100.28,98.4425,99.49,572945
2019-05-08,99.14,100.2,95.6,95.71,829754
2019-05-09,97.73,98.975,94.14,96.68,1024473
2019-05-10,96,96,93.27,94.64,688367
2019-05-13,93.17,93.585,90.04,90.74,643756
2019-05-14,90.28,91.91,89.57,90.5,830346
2019-05-15,89.65,90.18,88.25,89.33,666509
2019-05-16,89.18,89.96,88.2632,88.64,891829
2019-05-17,88.33,91.92,88.23,90.65,681989
2019-05-20,90.03,90.57,87.76,87.9,726349
2019-05-21,88.46,89.54,87.9,88.75,684794
2019-05-22,88.91,89.735,85.94,87.05,568863
2019-05-23,86.43,86.43,83.955,85.99,918710
2019-05-24,85.98,88.8,85.8,87.5,900797
2019-05-28,87.21,87.98,86.075,86.62,3402245
2019-05-29,86.33,87.34,85.34,86.98,820317
2019-05-30,86.86,88.6,86.65,86.75,868646
2019-05-31,85.94,85.94,83.51,83.97,1073201
2019-06-03,83.71,85.37,82.78,83.74,987642
2019-06-04,83.52,86.83,83.06,85.93,1265469
2019-06-05,85.85,85.85,81.77,82.99,1336154
2019-06-06,82.83,83.82,80.94,81.05,1014464
2019-06-07,81.82,83.44,80.1,81.98,1066115
2019-06-10,81.78,83.9,81.3577,82.83,741660
2019-06-11,83.4,83.5,80.48,80.76,935972
2019-06-12,80.78,81.1,79.4,80.31,822851
2019-06-13,80.7,81.24,79.495,81.07,804549
2019-06-14,80.83,80.84,77.78,78.23,829041
2019-06-17,78.66,79.92,78.24,78.58,688273
2019-06-18,79.09,81.1,78.4,78.6,676165
2019-06-19,78.41,78.89,76.96,78.6,811442
2019-06-20,79.1,80.42,77.43,77.94,649449
2019-06-21,77.66,78.75,76.52,77.51,768127
2019-06-24,77.44,77.64,75.72,76.06,680384
2019-06-25,76.48,79.03,75.85,77.26,906520
2019-06-26,77.72,78.3113,75.96,76.36,524133
2019-06-27,76.11,78.13,76.11,77.01,534459
2019-06-28,77.09,78.13,77.02,78.06,676611
2019-07-01,82.55,82.75,81.3815,82.05,838747
2019-07-02,82.67,82.78,81.1751,82.75,786098
2019-07-03,82.54,82.54,80.33,81.91,824545
2019-07-05,81.61,82.11,79.69,80.01,492638
2019-07-08,79.73,79.97,77.305,78.11,848454
2019-07-09,78.17,81.22,77.96,80.06,502176
2019-07-10,80.62,80.62,78.21,79.13,511865
2019-07-11,79.04,79.22,77.27,77.49,536711
2019-07-12,77.27,78.3,76.06,76.48,321470
2019-07-15,76.56,76.56,75.31,76.18,323960
2019-07-16,76.26,76.865,75.55,75.92,402571
2019-07-17,76.2,76.94,75.453,76.13,347703
2019-07-18,75.92,76.98,75.66,76.25,487398
2019-07-19,76.39,77.02,75.14,75.32,930328
2019-07-22,75.5,75.655,74.645,74.85,359449
2019-07-23,75,75.26,74.31,74.94,328375
2019-07-24,74.94,76.83,74.47,76.71,475948
2019-07-25,76.88,78.4,76.72,76.88,550942
2019-07-26,76.93,78.92,76.87,77.6,578783
2019-07-29,77.55,78.36,75.75,78.2,454105
2019-07-30,77.69,80,77.52,79.53,518746
2019-07-31,81.89,83.5,78.62,79.24,930040
2019-08-01,81.29,85.31,80.93,83.07,1282416
2019-08-02,82.88,83.9,81.2506,83.26,459068
2019-08-05,82.45,82.66,77.87,79.11,911424
2019-08-06,78.38,79.75,76.87,78.38,586227
2019-08-07,77.86,80.095,77.2,79.89,487504
2019-08-08,81.67,81.73,79.93,81.67,454628
2019-08-09,81.52,82.77,80.415,81.6,562384
2019-08-12,81.14,81.5,80.19,81.19,379847
2019-08-13,80.77,82.545,79.6,80.16,498286
2019-08-14,79.12,80.84,78.67,79.32,465906
2019-08-15,79.7,80.54,78.54,79.52,348096
2019-08-16,80,81.83,79.44,81.37,374170
2019-08-19,82.17,82.87,80.5,81.82,243000
2019-08-20,81.76,82.48,80.69,81.31,245398
2019-08-21,81.43,82.82,81.4,82.78,283580
2019-08-22,83.13,83.27,81.15,82.85,286447
2019-08-23,82.53,83.81,80.33,80.71,284549
2019-08-26,81.11,81.59,79.87,81.5,333670
2019-08-27,81.84,82.88,79.28,80.01,461448
2019-08-28,79.82,81.61,79.25,81.05,261273
2019-08-29,81.48,82.935,81.16,82.73,203099
2019-08-30,83.79,84.25,82.4,82.56,392873
2019-09-03,82.53,82.97,80.06,81.025,472880
2019-09-04,82.05,82.3459,79.605,80.81,763500
2019-09-05,81.67,81.8,80.15,81.05,563331
2019-09-06,81,81.22,79.84,80.44,396920
2019-09-09,80.43,80.43,78.955,80.1,601866
2019-09-10,79.89,81.9,78.97,81.83,526760
2019-09-11,81.72,83.07,80.6,82.92,408451
2019-09-12,83.02,83.48,79.26,79.82,480721
2019-09-13,80.33,83.14,79.98,80.69,637665
2019-09-16,80.55,83.89,79.71,83.53,424598
2019-09-17,83.48,86.1852,81.72,85.87,731072
2019-09-18,86.11,86.3465,83.7,84.2,445506
2019-09-19,84.68,87.85,84.68,85.92,535135
2019-09-20,86.49,87.08,84.77,85.99,798739
2019-09-23,86.01,86.295,84.76,85.08,363052
2019-09-24,85.53,85.87,84.53,85.43,600785
2019-09-25,85.42,86.48,84.73,85,413761
2019-09-26,85.15,85.15,81.755,82.2,482679
2019-09-27,82.14,82.765,80.2,80.84,534838
2019-09-30,80.84,81.11,78.45,79.75,552187
2019-10-01,80.2,80.67,77.51,78.36,580929
2019-10-02,78.03,79.8,77.3,79.42,668157
2019-10-03,79.11,79.7,77.85,78.31,388655
2019-10-04,78.45,79.46,76.33,79.19,474259
2019-10-07,79.01,80.77,78.51,79.95,522690
2019-10-08,79.6,80.05,78.16,78.71,356195
2019-10-09,78.95,80.64,78.54,79.71,480615
2019-10-10,80.11,81.37,79.45,80.75,327398
2019-10-11,81.24,83.02,81.24,81.89,273390
2019-10-14,81.59,82.41,80.82,81.25,313803
2019-10-15,81.26,82.27,81.26,81.97,510915
2019-10-16,82.19,84.06,81.07,81.76,422939
2019-10-17,81.93,82.75,81.28,81.67,254078
2019-10-18,81.43,82.78,80.6,82.14,517308
2019-10-21,83.23,84.59,82.53,84.03,320985
2019-10-22,84.42,85.16,83.265,84.26,270271
2019-10-23,84.25,85,83.92,84.18,271496
2019-10-24,84.47,84.73,81.86,83.3,236944
2019-10-25,82.99,84.62,82.75,84.07,341250
2019-10-28,84.39,87.35,84.39,86.51,447209
2019-10-29,86.77,87.27,85.57,86.99,478481
2019-10-30,92,95.76,89.44,90.99,1774544
2019-10-31,91.07,92.33,89.42,89.84,786296
2019-11-01,89.77,92.075,88.63,89.96,576499
2019-11-04,90.32,90.98,88.89,90.14,430276
2019-11-05,90.02,92.18,89.76,91.57,490784
2019-11-06,91.51,91.72,90.07,90.28,423633
2019-11-07,90.82,91.77,90.27,90.63,281028
2019-11-08,90.29,92.24,90,91.61,269721
2019-11-11,90.99,91.35,90.52,90.96,265582
2019-11-12,90.71,91.15,89.05,89.57,282005
2019-11-13,88.97,89.09,87.825,88.49,392747
2019-11-14,88.36,90.13,87.485,89.53,324512
2019-11-15,90.02,91.11,89.64,90.43,353935
2019-11-18,90.23,92.19,89.89,90.66,557202
2019-11-19,91.26,94.61,91.26,92.52,358889
2019-11-20,92.25,95.88,92.25,94.83,654101
2019-11-21,95.04,95.04,92.57,93.4,355657
2019-11-22,93.81,94.47,92.55,93.01,328010
2019-11-25,93.45,95.47,93.15,95.34,426400
2019-11-26,95.63,95.9,93.2,93.54,238238
2019-11-27,93.98,94.08,92.75,93.87,251462
2019-11-29,93.22,93.69,92.19,92.26,188294
2019-12-02,92.49,93.41,90.92,91.82,417532
2019-12-03,88.67,89.92,87.545,89.22,712440
2019-12-04,89.03,91.39,88.825,91.34,478950
2019-12-05,91.59,91.79,89.93,90.23,363255
2019-12-06,91,91.91,90.975,91.61,272659
2019-12-09,91.78,92.62,91.03,91.05,347356
2019-12-10,91.08,93.1,91.08,93.03,503278
2019-12-11,92.89,94.58,92.26,92.49,443235
2019-12-12,92.75,93.84,92.32,93.76,253575
2019-12-13,92.51,93.325,88.76,89.63,545243
2019-12-16,89.35,91.51,88.42,90.95,403277
2019-12-17,91.26,91.26,88.28,89.43,527838
2019-12-18,89.58,89.84,88.02,89.71,434235
2019-12-19,89.82,90.405,89.26,89.46,281321
2019-12-20,89.49,90.64,88.43,90.39,724498
2019-12-23,90.76,91.11,89.56,90.9,279709
2019-12-24,90.89,91.42,90.27,91.4,163893
2019-12-26,91.27,91.29,89.23,89.46,247273
2019-12-27,89.64,89.835,88.02,88.83,276424
2019-12-30,88.65,89.26,86.77,86.91,399622
2019-12-31,86.91,88.42,86.86,88.08,378786
2020-01-02,88.35,88.35,87,87.66,354008
2020-01-03,86.64,87.635,86.2,86.46,323365
2020-01-06,86.09,86.84,85.02,86.57,365254
2020-01-07,86.12,87.26,85.54,86.91,291756
2020-01-08,86.95,88,86.39,87.16,332981
2020-01-09,87.75,87.96,86.4,87.57,317099
2020-01-10,87.45,87.9,85.4,85.67,432547
2020-01-13,85.82,86.46,83.76,86.2,393768
2020-01-14,86.51,92,86.46,91.79,726146
2020-01-15,91.27,93.5,91.27,92.44,684920
2020-01-16,93.21,95.24,92.56,94.13,487322
2020-01-17,94.48,94.75,92.5,93.13,482282
2020-01-21,92.86,93.4,91.735,91.88,305902
2020-01-22,91.95,92.6,91,92.44,366755
2020-01-23,92.49,92.9,90.24,90.87,302977
2020-01-24,91.08,91.35,88.5,89.33,351747
2020-01-27,88.42,90.91,88.19,90.05,325314
2020-01-28,90.56,93.8,89.3,93.2,560506
2020-01-29,93.29,97.43,92.605,96.42,754803
2020-01-30,95.47,100.09,94.825,96.35,483882
2020-01-31,99.04,99.48,97.02,97.67,386085
2020-02-03,94.17,96.585,90.02,95.56,1108956
2020-02-04,95.25,96.85,95.25,96.65,351850
2020-02-05,97.21,103.41,97.21,101.47,566247
2020-02-06,102.08,102.505,100.54,101.44,440828
2020-02-07,101.44,101.57,99.56,100.52,425955
2020-02-10,100.84,100.84,98.51,100.02,311908
2020-02-11,100.21,101.65,99.06,101.15,345134
2020-02-12,101.89,105.93,101.7,104.46,899293
2020-02-13,105,105.455,103.652,103.99,336567
2020-02-14,104.26,105.3,103.23,104.19,236783
2020-02-18,104.03,106.11,103.13,105.98,246722
2020-02-19,106.41,107.825,106.24,106.92,391389
2020-02-20,106.94,108.12,105.74,107.42,407543
2020-02-21,107.29,108.44,106.71,106.96,528308
2020-02-24,112.01,116.98,111.07,115.35,1038618
2020-02-25,116.42,116.64,110.06,112.86,763318
2020-02-26,104.44,109.31,104,105.81,1532793
2020-02-27,104.79,105.27,100.72,100.79,1035284
2020-02-28,98.66,103.22,97.2837,102.96,997696
2020-03-02,102.93,104.13,99.5,103.83,644371
2020-03-03,103.43,105.33,99.41,100.21,530694
2020-03-04,102.5,103.38,99.53,103.25,555093
2020-03-05,100.9,103.91,100.53,101.22,297623
2020-03-06,99.99,101.17,96.11,98.26,1257229
2020-03-09,93.67,94.97,90.88,91.29,672630
2020-03-10,94.93,100.99,92.61,100.49,807004
2020-03-11,98.38,99.44,92.12,93.99,571782
2020-03-12,88.19,91.64,84.89,86.14,1510249
2020-03-13,90.21,92.06,83.47,91.91,884175
2020-03-16,83.69,86.775,78.56,79.43,1053258
2020-03-17,81.32,82.66,76.85,80.56,1470542
2020-03-18,75.91,82.29,75.58,79.39,793498
2020-03-19,79.15,84.87,77.7,83.62,841632
2020-03-20,83.72,86.86,81.67,83.14,714211
2020-03-23,82.81,84.63,79.19,83.95,670566
2020-03-24,87.91,89.98,84.705,88.04,633549
2020-03-25,87.95,94.165,86,90.54,916633
2020-03-26,91.29,94.95,89.5,92.02,516222
2020-03-27,88.86,93.415,88.54,91.32,602249
2020-03-30,92.83,97.25,90.68,97.07,542385
2020-03-31,96.42,96.68,92.16,94.825,614554
2020-04-01,93.35,96.48,89.89,93.9,583356
2020-04-02,92.65,93.9,91.17,93.53,878200
2020-04-03,92.63,94.97,91.86,92.74,724543
2020-04-06,94.39,96.36,93.29,95.76,777241
2020-04-07,97.31,98.1,93.48,95.06,794567
2020-04-08,95.48,97.15,94.09,96.59,426614
2020-04-09,97.11,98,95.19,95.87,454371
2020-04-13,95.56,98.61,95.21,98.25,482502
2020-04-14,99,99.98,97.85,99.01,589706
2020-04-15,97.05,98.93,95.075,97.41,410897
2020-04-16,98.69,98.69,94.26,97.27,608308
2020-04-17,99.42,105.3,97.9574,104.62,784207
2020-04-20,104.08,108.68,103.05,106.44,624235
2020-04-21,105.02,106.1,103.26,104,578326
2020-04-22,105.97,109.43,105.22,108.07,603808
2020-04-23,108.92,110.97,106.6098,109.99,380435
2020-04-24,110.82,111.98,107.4007,111.21,1272243
2020-04-27,111.91,112.78,111.045,111.58,474843
2020-04-28,112.79,113.45,109.38,109.74,632485
2020-04-29,107.84,113.48,104.66,107.97,760706
2020-04-30,108.18,112.09,105.87,109.56,1345462
2020-05-01,108,110.13,106.89,109.12,477389
2020-05-04,108.88,111.92,107.415,111.91,901547
2020-05-05,114.96,116.12,110.75,111.56,490259
2020-05-06,113.27,115.39,112.31,112.96,386257
2020-05-07,114.79,114.79,111.84,111.98,764709
2020-05-08,114,114.57,112.705,113.43,310515
2020-05-11,112.69,116.32,112.69,115.66,1028009
2020-05-12,117.66,118.9,114.15,114.25,600410
2020-05-13,114.01,116.74,112.09,113.08,355368
2020-05-14,112.1,114.14,111.34,113.43,388821
2020-05-15,113.42,117,112.53,116.36,686058
2020-05-18,118.24,119.78,117.42,119.26,1045355
2020-05-19,120.58,124.78,118.43,118.44,923043
2020-05-20,120.24,121,118.62,120.18,654384
2020-05-21,119.92,119.92,116.8,117.2,817329
2020-05-22,117.33,117.98,116.32,117.57,679745
2020-05-26,119.44,121.35,117.66,118.45,737595
2020-05-27,118.7,119.285,113.395,116.81,480192
2020-05-28,117.54,118.72,114.54,115,500010
2020-05-29,115.72,118.19,113.9,117.95,543219
2020-06-01,117.74,120.995,116.71,120.28,529748
2020-06-02,119.65,123.845,118.37,123.06,841377
2020-06-03,122.88,125.94,122.215,125.7,753979
2020-06-04,124.43,125.835,121.78,122.42,1093869
2020-06-05,123.78,125.035,122.05,123.64,446854
2020-06-08,122.98,125.93,122.98,125.82,462662
2020-06-09,124.81,127.305,124.2,124.53,463400
2020-06-10,124.14,125.26,122.77,122.86,402069
2020-06-11,120.2,120.6184,115.86,116.3,552068
2020-06-12,117.94,118.565,113.4,115.42,520087
2020-06-15,113.38,114.83,112.91,113.73,527374
2020-06-16,115.25,116.73,113.14,114.05,480185
2020-06-17,115.51,118.72,115.41,117.74,543123
2020-06-18,116.87,117.46,115.07,115.65,396805
2020-06-19,116.37,118.36,115.75,118.36,1696312
2020-06-22,117.48,119.375,114.59,118.87,435831
2020-06-23,119.63,121.05,119.55,120.8,830769
2020-06-24,120.26,122.45,119,121.28,540030
2020-06-25,123,127.79,121.98,124.18,727412
2020-06-26,123.82,123.9,118.8,119.76,770462
2020-06-29,119.78,121.92,116.56,119.96,394583
2020-06-30,120.09,121.44,118.6,121,501799
2020-07-01,121.6,122.53,120,121,365425
2020-07-02,121.4,122.34,120.02,120.33,857335
2020-07-06,121.07,121.07,118.33,119.04,846304
2020-07-07,118.32,120.525,118.32,118.6,380165
2020-07-08,118.58,119.7,116.94,117.78,361009
2020-07-09,117.62,118.52,115.92,116.92,485585
2020-07-10,117.37,117.65,116.12,117.44,255415
2020-07-13,118,119.39,115.92,115.95,319794
2020-07-14,116.83,118.43,115.47,118.37,288018
2020-07-15,121.29,121.51,119.29,121.13,318531
2020-07-16,120.57,120.57,115.845,115.96,378132
2020-07-17,116.63,117.94,116,117.2,454084
2020-07-20,117.99,118.54,113.99,115.34,595333
2020-07-21,115.28,115.91,113.17,113.27,326005
2020-07-22,113.43,114.41,112.21,113.53,262183
2020-07-23,113.96,116.71,113.66,114.47,305767
2020-07-24,113.43,115.505,111.18,112.26,289767
2020-07-27,112.68,115.03,112,114.68,275244
2020-07-28,114.3,114.5896,112.93,113.16,225468
2020-07-29,115.99,120.41,111.4,112.73,652718
2020-07-30,111.31,114.455,111.285,113.5,330072
2020-07-31,113.42,113.42,110.3,111.47,330892
2020-08-03,113.06,116.8,113.06,116.41,332722
2020-08-04,115.87,116.12,113.45,114.09,305123
2020-08-05,115.34,115.34,112.69,113.07,212354
2020-08-06,113.3,113.55,111.69,112.2,179391
2020-08-07,112.8,113.27,111.64,112.79,255214
2020-08-10,112.41,112.96,110.83,110.93,153671
2020-08-11,111.01,111.93,108.93,109.15,185037
2020-08-12,109.66,110.82,108.89,110.52,243302
2020-08-13,110.71,111,108.44,109.38,204082
2020-08-14,109.45,109.91,108.71,109.47,169870
2020-08-17,109.27,111.32,108.03,110.75,206430
2020-08-18,111.15,111.3,109.095,110.93,250929
2020-08-19,110.02,110.11,107.02,107.12,307556
2020-08-20,106.52,107.325,105.01,106.62,263832
2020-08-21,106.83,107.56,105.86,107.25,290987
2020-08-24,108.15,108.15,105.4,105.92,206486
2020-08-25,105.83,107.35,103.58,105.05,339351
2020-08-26,104.68,105.45,104.29,105.04,282976
2020-08-27,105.46,106.18,104,105.67,320013
2020-08-28,105.67,106.45,104.85,106.04,195211
2020-08-31,105.83,107.55,105.06,106.96,261142
2020-09-01,106.23,107.34,104.55,105.51,274045
2020-09-02,105.13,109.48,105.13,109.12,386107
2020-09-03,108.67,108.67,103.54,104.56,277735
2020-09-04,105.49,106.37,102.84,105.37,217050
2020-09-08,103.79,104.87,102.67,102.71,288174
2020-09-09,102.9,104.45,102,103.9,243456
2020-09-10,103.79,104.6,102.31,102.44,337624
2020-09-11,102.98,103.8,101.52,102.52,242988
2020-09-14,103.76,106.06,103.76,104.84,452532
2020-09-15,105.47,107.33,105.01,105.75,243919
2020-09-16,105.86,106.98,105.2,106.08,235020
2020-09-17,104.72,106.93,104.2166,106.67,203777
2020-09-18,107.4,108.075,104.24,105.69,595813
2020-09-21,104.43,104.755,100.54,101.01,354582
2020-09-22,100.96,102.31,99.92,102.29,180049
2020-09-23,102.24,103.31,100.51,100.55,218898
2020-09-24,99.97,102.12,98.37,99.9,333401
2020-09-25,99.44,102,99.07,100.45,262675
2020-09-28,101.46,102.5,100.24,101.51,197919
2020-09-29,101.82,101.82,100.09,101.04,179575
2020-09-30,101.37,102.851,100.11,101,471055
2020-10-01,101.03,103.59,100.05,103.17,269032
2020-10-02,102.35,104.78,101.09,101.87,281585
2020-10-05,102.83,105.85,102.83,105.69,423856
2020-10-06,105.87,106.6,102.725,103.07,276943
2020-10-07,103.59,104.315,103.06,103.87,236923
2020-10-08,104.18,105.15,103.65,104.89,200877
2020-10-09,105.01,105.435,102.91,104.01,206698
2020-10-12,103.73,104.52,102.25,104.25,350193
2020-10-13,104.35,109,103.26,108.32,441299
2020-10-14,108.16,110.66,108.16,109.96,589059
2020-10-15,108.61,113.35,108.6,113.03,587072
2020-10-16,113.59,115.69,112.27,115,536118
2020-10-19,115.54,116.86,114.18,116.47,658744
2020-10-20,117.42,120.11,115.525,119.17,641605
2020-10-21,119.57,121,118.63,118.85,686546
2020-10-22,119.34,122.28,119.34,122.1,588400
2020-10-23,123.1,123.87,121.85,122.78,382972
2020-10-26,122.01,124.43,120.76,123.57,602901
2020-10-27,123.13,124.5,121.48,123.4,466863
2020-10-28,121.75,132.99,121.75,132.03,1151279
2020-10-29,133.35,133.67,128.215,130.25,934594
2020-10-30,129.33,134.73,128.23,134.23,786319
2020-11-02,133.77,135,130.84,133.98,466296
2020-11-03,133.98,137.34,131.955,136.5,380799
2020-11-04,137.43,142.34,134.1,139.47,479089
2020-11-05,140.12,140.15,136.69,137.71,548585
2020-11-06,137.71,138.45,135.38,135.88,224097
2020-11-09,136.57,138.06,133.81,136.26,546939
2020-11-10,136.67,139.79,136.07,139.28,459405
2020-11-11,140.05,140.3,137.93,140.15,356513
2020-11-12,139.72,141,139.36,139.97,470169
2020-11-13,141.18,141.7999,140.165,141.48,247298
2020-11-16,142.52,144.26,141.45,142.93,335510
2020-11-17,142.49,142.49,139.7,141.11,426875
2020-11-18,142.14,142.17,137.38,137.48,303889
2020-11-19,139.55,139.55,135.275,136.67,284446
2020-11-20,136.2,137.99,134.74,136.02,401412
2020-11-23,137.01,138.03,135.18,137.77,254466
2020-11-24,138.49,138.49,135.4,135.43,198185
2020-11-25,135.34,138,134.91,135.07,210671
2020-11-27,134.6,135.855,134.29,135.54,113254
2020-11-30,135.34,136.98,131.96,132.64,547273
2020-12-01,132.95,133.965,132.43,132.49,323342
2020-12-02,132.09,132.09,130.61,131.28,275638
2020-12-03,132.06,132.71,129.46,129.94,365175
2020-12-04,130.49,134.125,130.04,133.47,309247
2020-12-07,133.44,133.91,129.43,129.98,247264
2020-12-08,131.7,135.46,129.64,135.08,541288
2020-12-09,135.58,136.8176,132.71,134.65,289068
2020-12-10,134.89,138.31,133.32,137.21,224666
2020-12-11,137.21,139.25,131.0401,138.7,216006
2020-12-14,140,146.24,139.58,143.14,382396
2020-12-15,144.37,148.47,143.3352,148.21,402894
2020-12-16,148.87,149,145.72,146.25,425212
2020-12-17,146.46,148.8,146.25,148.44,335498
2020-12-18,149.07,150.6,145.25,146.85,907256
2020-12-21,145.96,146.88,143.35,146.13,251998
2020-12-22,146.31,147.2,144.43,146.35,383010
2020-12-23,146.47,150.33,145.46,149.36,344063
2020-12-24,150.23,151.44,149.52,149.83,116989
2020-12-28,148.85,151.44,147.99,150,250264
2020-12-29,151,151.67,147.32,149.54,265750
2020-12-30,150.28,151.67,148.58,148.68,226600
2020-12-31,149,152.82,145.79,151.79,351836
2021-01-04,151.79,154.43,150.73,153.94,329320
2021-01-05,153.94,157.2,153.67,156.77,355844
2021-01-06,156.15,164.04,156.15,163.51,637863
2021-01-07,165.07,170.26,164.17,167.05,664862
2021-01-08,167.75,168.21,163.76,165.08,442043
2021-01-11,166.08,171.17,164.3001,168.03,539653
2021-01-12,168.62,169.6,162.58,164.21,283165
2021-01-13,163.96,164.377,160.5015,162.11,308478
2021-01-14,163.31,168.31,162.37,167.26,366203
2021-01-15,165.7,173.72,165.7,172.82,719231
2021-01-19,174.23,176.31,170.52,171.61,276574
2021-01-20,174.84,176.23,170.25,171.17,345121
2021-01-21,170.99,171.185,166.95,167.14,260618
2021-01-22,166.73,168.89,164.47,167.71,203480
2021-01-25,168.53,169.445,165,169.35,153981
2021-01-26,170.09,170.09,163.4,164.85,225618
2021-01-27,163.81,163.81,153.92,155.79,561119
2021-01-28,156.61,165.15,156.61,164.39,338480
2021-01-29,165.25,167.26,162.26,163.82,221492
2021-02-01,170.08,170.58,164.36,168.22,214672
2021-02-02,169.07,171.93,168.81,169.81,263524
2021-02-03,170.48,172.355,169.52,169.92,147015
2021-02-04,170.46,171.0988,167.09,167.83,158566
2021-02-05,169.88,170.51,165.44,169.72,169936
2021-02-08,170.07,170.5,168.26,169.3,192297
2021-02-09,169.88,170.52,166.04,166.28,201372
2021-02-10,167,171.77,166.56,168.55,279269
2021-02-11,167.39,171.28,166.83,169.53,254666
2021-02-12,169,169.71,166.55,167.64,159590
2021-02-16,171.67,171.74,167.75,169.69,242504
2021-02-17,169.72,177.93,169.375,172.75,434731
2021-02-18,171.9,171.9,168.23,169.33,231863
2021-02-19,169.74,175.95,169.74,174.85,320647
2021-02-22,175.09,178.68,173.66,174.31,460954
2021-02-23,173.57,174.12,167.965,172.38,263366
2021-02-24,169.08,181.14,169.08,173.7,467059
2021-02-25,174.38,174.38,165.24,168.8,401533
2021-02-26,169.79,170.2607,165.99,167.18,339934
2021-03-01,167.2,173.03,166.78,171.27,304977
2021-03-02,170.73,173.12,166.25,166.59,184077
2021-03-03,164.8,168.985,160.87,163.21,280648
2021-03-04,163.91,166.65,159.54,160.34,558201
2021-03-05,161.47,164.7711,159.02,164.34,502197
2021-03-08,166.44,166.44,159,160.09,332473
2021-03-09,161.39,164.33,158.55,159.01,505240
2021-03-10,160,161.34,157.88,159.68,287829
2021-03-11,162.08,162.16,158.47,158.82,282276
2021-03-12,159.07,159.76,155.71,159.5,319576
2021-03-15,159.45,164.31,155.8601,164.1,275625
2021-03-16,164.1,167.12,162.32,166.57,338340
2021-03-17,165.14,171.4,163.51,171.17,486388
2021-03-18,169.27,173.43,167.465,170.35,501088
2021-03-19,170.26,172.8675,168.87,170.11,746240
2021-03-22,169.13,169.595,166.61,168.36,220392
2021-03-23,168.25,169.42,163.24,164.93,279393
2021-03-24,165.75,166.6855,162.98,164.18,187368
2021-03-25,164.82,168.82,161.48,168.35,370810
2021-03-26,168.35,171.44,166.76,171.21,243959
2021-03-29,169.77,173.3608,167.895,169.49,307886
2021-03-30,170.39,171.36,164.19,165.47,357438
2021-03-31,167.4,170.045,165.75,167.27,655837
2021-04-01,184.96,200,182.2,192.34,1699459
2021-04-05,192.45,195.13,191.03,192.75,440134
2021-04-06,192.11,197.3,191.0101,191.65,579204
2021-04-07,191.67,193.75,188.34,191.1,1019777
2021-04-08,194.99,200.93,192.16,200.73,991574
2021-04-09,199.85,204.775,198.785,203.36,586056
2021-04-12,203.35,203.48,197.98,198.59,324221
2021-04-13,199.71,203.08,197.08,199.3,413643
2021-04-14,199.42,204.35,198.44,202.78,368609
2021-04-15,203.05,203.89,201.02,201.67,255487
2021-04-16,203.34,205.52,200.94,203.73,403195
2021-04-19,204.95,205.18,201.02,203.84,303623
2021-04-20,204.46,208.63,204.46,207.58,229339
2021-04-21,208.63,212.15,207.74,211.93,346621
2021-04-22,210.31,212.62,206.4824,209.33,194047
2021-04-23,210.66,210.66,205.21,207.5,232111
2021-04-26,209.05,209.22,205.05,208.11,171611
2021-04-27,208.96,208.96,204.211,204.33,263116
2021-04-28,204.88,207.42,202.045,205.62,193887
2021-04-29,205.25,205.25,201.42,204.24,196303
2021-04-30,202.91,204.26,200.57,201.56,273186
2021-05-03,203.07,205.8649,200.47,201.79,326317
2021-05-04,201.89,202.84,194.03,195.37,349159
2021-05-05,195.37,201.65,188.92,198.14,425948
2021-05-06,197.79,197.79,189.41,192.07,307848
2021-05-07,191.64,196.72,191.06,195.42,170597
2021-05-10,193.52,194.861,189.8,189.88,304524
2021-05-11,186.24,194.89,185.01,194.3,295407
2021-05-12,192.29,198.25,192,195.49,370181
2021-05-13,196.88,197.87,191.01,193.77,382872
2021-05-14,195.39,199.7,194.14,197.87,266408
2021-05-17,197.61,199.95,196.65,198.29,241156
2021-05-18,197.26,201.0764,195.53,195.62,333338
2021-05-19,194.59,196.37,189.74,189.82,305038
2021-05-20,190.39,192.43,190,191.09,306977
2021-05-21,191.74,192.495,188.41,188.72,277726
2021-05-24,189.98,191.41,187.81,188.61,267674
2021-05-25,189.1,189.39,183.77,185.27,545012
2021-05-26,185.39,189.843,182.695,184.57,613361
2021-05-27,184.77,186.595,182.01,185.74,364805
2021-05-28,185.86,187.44,185.01,185.9,190801
2021-06-01,186.44,186.7,177,177.82,404824
2021-06-02,178.03,179.56,170.5,171.66,840343
2021-06-03,171.59,176.37,170.12,175.24,363378
2021-06-04,175.08,175.97,171.65,175.95,401404
2021-06-07,176.91,179.825,174.71,175.89,381134
2021-06-08,175.23,175.48,170.06,170.47,472565
2021-06-09,170.23,176.43,170.23,174.75,381269
2021-06-10,174.97,181.64,174.97,180.49,322282
2021-06-11,181.05,181.35,177.07,179.12,345600
2021-06-14,179.42,181.9,179.0901,179.65,335154
2021-06-15,179.22,180,176.71,178.45,223010
2021-06-16,179.53,184.83,178.18,183.44,358820
2021-06-17,182.46,184.55,179.9,182.41,215335
2021-06-18,181.56,181.92,177.75,178.49,491733
2021-06-21,178.75,181.91,177.75,180.2,297028
2021-06-22,179.67,181.82,179.21,180.86,212102
2021-06-23,180.59,182.55,173.325,174.64,299692
2021-06-24,175.44,176.69,173.56,175.75,402477
2021-06-25,175.75,181.64,173.76,180,608753
2021-06-28,181,182.145,174.455,177.18,289125
2021-06-29,176.01,178,175.76,177,190890
2021-06-30,176.35,179.91,176.35,179.41,289831
2021-07-01,179.97,185.51,178.75,184.67,439241
2021-07-02,184.25,185.04,183.02,184.33,168769
2021-07-06,184.79,186.285,182.6587,185.27,353814
2021-07-07,183.96,187.99,180.62,186.98,360896
2021-07-08,184.06,186.83,182.76,183.98,227222
2021-07-09,185.57,188.63,185.36,187.65,199062
2021-07-12,187.29,188.07,185.13,185.78,189320
2021-07-13,184.83,187.16,183.32,183.55,175355
2021-07-14,188.2,188.2,182.485,183.59,180824
2021-07-15,182.78,185.07,180.96,184.19,171659
2021-07-16,184.84,186.7,182.935,184.99,229057
2021-07-19,183.9,184.94,180.2788,183.32,215277
2021-07-20,183.59,187.72,182.835,184.45,272065
2021-07-21,185.18,185.88,182.32,182.78,161126
2021-07-22,181.76,186.15,180.92,185.79,200458
2021-07-23,185.92,187.905,184.24,184.57,184377
2021-07-26,184.57,185.705,182.38,183.27,169070
2021-07-27,182.58,186.55,180.05,186.34,187695
2021-07-28,185.25,186.53,184.215,185.46,168995
2021-07-29,186.27,188.64,184.05,184.22,131426
2021-07-30,182.9,184.64,181.13,181.93,206178
2021-08-02,183.4,183.48,179.4,179.86,386115
2021-08-03,179.73,181.205,177.82,180.66,401733
2021-08-04,192.5,208.36,192.5,206.09,1597513
2021-08-05,207.49,207.49,200.42,205.42,407149
2021-08-06,205.2,216.9,203.73,213.33,522408
2021-08-09,209.68,212.26,205.75,207.72,859052
2021-08-10,208.34,208.34,203.18,204.34,316250
2021-08-11,204.68,205.64,198.37,202.21,391828
2021-08-12,201.8,203.79,199.495,203.05,200840
2021-08-13,203.48,204.71,201.02,202.62,1055341
2021-08-16,203.41,203.41,199.02,199.47,186952
2021-08-17,197.66,203.91,197.66,203.74,276005
2021-08-18,203.9,208.105,201.51,203.37,981621
2021-08-19,202.3,203.665,200.41,201.05,363227
2021-08-20,201.37,206.38,201.37,204.22,300696
2021-08-23,204.88,207.85,204.87,206.92,225911
2021-08-24,206.99,208.12,204.03,205.55,236460
2021-08-25,204.29,205.93,202.305,205.46,265892
2021-08-26,206.15,207.64,203.89,205.75,153551
2021-08-27,205.8,212.2,205.1301,211.08,278454
2021-08-30,210.16,214.71,209.62,211.41,222450
2021-08-31,212.1,215.405,211.62,214.88,277639
2021-09-01,215.17,216.5,210.1498,212.76,198476
2021-09-02,212.67,212.82,209.36,212.31,228386
2021-09-03,212.31,213,209.61,210.8,121199
2021-09-07,209.24,210.875,206.67,207.98,865910
2021-09-08,208.31,211.13,207.08,210.52,226866
2021-09-09,210.52,211.37,207.12,210.89,292243
2021-09-10,211.04,213.38,209.04,210.26,205331
2021-09-13,210.84,211.6,205.82,209.62,264107
2021-09-14,210.24,210.82,206.89,208.47,159657
2021-09-15,207.97,208.325,203.36,204.27,321586
2021-09-16,204.27,207.14,202.51,205.14,248318
2021-09-17,204.98,204.98,199.06,200.08,591346
2021-09-20,198.24,200.23,196.97,198.51,311315
2021-09-21,198.79,200.93,198.125,198.83,221001
2021-09-22,199.46,202.5,196.39,201.92,162944
2021-09-23,201.92,203.485,199.85,200.47,182085
2021-09-24,199.26,200.05,194.52,195.1,214601
2021-09-27,195.44,200.27,194.33,195.28,453033
2021-09-28,193.77,195.915,186.8,187.66,479122
2021-09-29,188.16,188.76,180.92,185.5,471679
2021-09-30,186.07,187.15,184.04,184.58,312585
2021-10-01,184.64,187.935,178.41,185.9,354368
2021-10-04,184.63,186.568,183.09,185.37,337566
2021-10-05,185.52,191.37,184.24,188.75,401940
2021-10-06,187.62,191.99,185.64,191.77,384260
2021-10-07,192.26,196.74,189.33,195.94,381808
2021-10-08,195.32,199.65,193.81,195.38,478065
2021-10-11,194.13,195.7,192.355,193.04,373706
2021-10-12,193.81,194.45,188.22,189.93,357768
2021-10-13,190.88,191.865,185.66,186.09,247751
2021-10-14,186.28,189.5,185.1,187.6,261868
2021-10-15,187.93,188.3,184.31,187.07,341402
2021-10-18,183.65,185.34,180.25,184.32,632485
2021-10-19,184.81,187,182.375,186.36,279657
2021-10-20,189.94,194.22,189.18,192.27,437619
2021-10-21,193.42,194.08,189.18,190.66,226842
2021-10-22,190.14,192.58,189.67,191.01,197944
2021-10-25,191.7,193.19,189.72,191.34,504073
2021-10-26,192,192,189.25,190.45,345136
2021-10-27,189.65,189.85,185.7,186.14,656907
2021-10-28,188.52,193.76,187.81,192.17,726043
2021-10-29,191.67,192.87,187.08,190.76,516198
2021-11-01,191.31,195.53,190.14,193.76,392495
2021-11-02,192.87,193.3,189.33,192.2,450392
2021-11-03,193,205.069,190.52,203.21,806664
2021-11-04,203.78,204.6,197.85,201.44,444302
2021-11-05,201.12,207.65,199.48,202.3,485596
2021-11-08,200.94,203.12,198.3951,202.09,531224
2021-11-09,200.58,201.99,197.99,198.93,262935
2021-11-10,198.79,204.45,198.7,202.5,409683
2021-11-11,202.88,204.66,199.56,200.9,294447
2021-11-12,200.88,203.74,199.88,203.33,193458
2021-11-15,203.45,206.76,202.13,205.03,661051
2021-11-16,204.86,207.24,202.58,203.24,281786
2021-11-17,201.9,204.385,199.05,199.41,460880
2021-11-18,199.67,205.2622,197.53,202.61,597399
2021-11-19,202.96,203.46,198.1275,201.13,253000
2021-11-22,200.42,204.29,198.6199,198.91,308413
2021-11-23,198.73,202.01,194.13,201.58,412830
2021-11-24,200.64,201.69,198.5,200.18,505387
2021-11-26,198.95,201.845,191.72,193.64,227942
2021-11-29,195.205,196.735,192.49,194,593786
2021-11-30,192,192.72,186.7,189.5,416970
2021-12-01,191.88,195.98,187.28,189.14,452294
2021-12-02,189.92,191.27,186.7,189.29,350814
2021-12-03,189.45,189.65,183.255,185.99,310841
2021-12-06,185.34,190.565,182.1931,188.72,406987
2021-12-07,190.99,194.08,188.175,190.41,1121671
2021-12-08,190.4,194.61,189.24,193.94,210700
2021-12-09,193.7,193.84,186.97,187.04,175104
2021-12-10,187.5,189.53,185.475,188.57,200470
2021-12-13,187.25,192.13,185.95,191.21,208644
2021-12-14,190.88,195.12,190.545,193.93,517991
2021-12-15,193.6,196.56,191.09,195.62,335895
2021-12-16,195.46,197.66,193.62,195.86,264360
2021-12-17,194.43,198.07,192.425,196.06,687933
2021-12-20,194.04,202.32,193.67,202.22,532728
2021-12-21,203.4,206.59,202.15,205.12,518998
2021-12-22,202.44,210.28,202.06,209.77,360990
2021-12-23,211.4,215.85,206.8,214.04,284256
2021-12-27,213.31,215.085,211.97,214.69,264812
2021-12-28,215.66,217.75,213.17,213.81,172474
2021-12-29,212.49,215.97,210.92,215.02,225796
2021-12-30,215.33,217.99,213.55,215.18,302737
2021-12-31,215.98,218.375,215.33,216.08,192180
2022-01-03,215.57,215.57,208.365,210.63,431280
2022-01-04,210.65,210.6599,199.06,199.08,391161
2022-01-05,199,200.73,192.74,192.89,487231
2022-01-06,192.15,198.48,189.86,196.07,399201
2022-01-07,195.2,200.77,195.06,198.94,555859
2022-01-10,198.36,199.8,195.085,199.24,740379
2022-01-11,204.27,211.22,204.27,206.25,571211
2022-01-12,206.16,207.56,203,206.19,264696
2022-01-13,206.19,210.86,204.525,208,357329
2022-01-14,208.4,214.03,206.73,213.96,340765
2022-01-18,213.89,217.84,211.1447,212.03,734485
2022-01-19,213.66,213.66,204.995,205.07,325585
2022-01-20,205.24,207.7,199.71,199.97,438260
2022-01-21,198.89,203.19,197.31,200.06,424727
2022-01-24,199.4,202.96,195.06,202.15,580682
2022-01-25,201.16,201.7,195.92,199.72,539678
2022-01-26,198.82,203.14,196.68,198.57,439386
2022-01-27,198.78,200.11,193.69,195.17,310952
2022-01-28,194.93,200.94,191.85,200.9,236211
2022-01-31,200.3,202.31,197.64,201.87,326808
2022-02-01,201.48,204.63,200.31,202.97,388403
2022-02-02,202.12,203.13,198.69,202.12,223744
2022-02-03,201.33,202.04,198.27,198.71,228537
2022-02-04,198.79,203.0625,197.41,201.59,197172
2022-02-07,201.59,204.51,199.44,199.81,284885
2022-02-08,199.38,199.89,197.47,199.64,430604
2022-02-09,199.72,205.7,199.72,204.94,314510
2022-02-10,205.06,208.6265,203.08,203.75,812314
2022-02-11,203.01,205.02,202.03,203.57,303470
2022-02-14,203.59,206.37,201.31,202.84,370974
2022-02-15,203.02,206.97,202.48,204.29,205978
2022-02-16,203.45,204.85,200.85,204.56,381207
2022-02-17,204.13,204.13,199.79,199.91,576990
2022-02-18,199.22,201,195.83,196.5,219955
2022-02-22,195.27,196.42,192.23,193.68,422713
2022-02-23,195.21,195.55,191.505,193.11,344162
2022-02-24,175.05,179.8476,161.2301,167.71,1630206
2022-02-25,166.27,170.09,166.09,168,713517
2022-02-28,164.75,168.9,163.19,166.2,858201
2022-03-01,165.79,168.95,165,166.16,427168
2022-03-02,166.5,176.1,166.5,175.35,587775
2022-03-03,174.53,175.49,172.77,174.96,334714
2022-03-04,173.08,175.47,171.66,174.52,338241
2022-03-07,173.55,175.93,171.12,172.85,364928
2022-03-08,172.83,176,168.665,172.48,384668
2022-03-09,174.42,174.825,167.27,169.92,697406
2022-03-10,168.17,168.64,164.27,167.78,436926
2022-03-11,166.32,177.53,158.38,173,1511086
2022-03-14,174.29,179.45,172.94,175,501045
2022-03-15,174.9,179.8,174.9,178.82,395137
2022-03-16,179.31,182.65,176.05,182.55,284413
2022-03-17,182.55,185.38,179.3238,184.49,327883
2022-03-18,182.23,185.1299,178.86,181.2,543374
2022-03-21,182.98,183.93,179.695,182.17,300688
2022-03-22,181.45,181.91,178.41,179.33,270165
2022-03-23,179.11,181.23,176.97,177.78,251481
2022-03-24,178.24,181.48,177.395,178.87,215101
2022-03-25,178.68,179.15,174.05,174.84,895350
2022-03-28,175.5,178.2,174.51,175.23,555551
2022-03-29,175.64,178.561,173.67,178.46,422620
2022-03-30,178.65,179.81,173.54,175.63,457120
2022-03-31,175.63,180.125,173.8,179.41,395589
2022-04-01,180.6,184.895,180.125,184.65,424374
2022-04-04,184.85,188.79,183.58,184.03,613967
2022-04-05,182.67,186.86,182.21,184.71,354566
2022-04-06,183.75,188.82,183.75,185.48,471066
2022-04-07,185.06,191.69,184.01,190.11,624024
2022-04-08,191.08,191.83,188.91,189.27,820100
2022-04-11,188.48,188.9,185.09,185.54,203094
2022-04-12,185.14,189.39,185.06,186.66,203961
2022-04-13,185.69,190.885,185.69,190.19,196766
2022-04-14,189.22,193.8,189.22,191.91,339391
2022-04-18,191.52,193.93,188,188.81,278816
2022-04-19,188.3,189.92,183.43,184.24,269673
2022-04-20,185.44,188.65,184.93,187.26,351819
2022-04-21,188.55,191.46,186.855,190.22,327605
2022-04-22,192.83,195.07,186.88,187.63,379590
2022-04-25,186.31,187.49,181.28,186.24,240001
2022-04-26,184.19,185.84,174.67,174.81,574985
2022-04-27,175.77,177.87,173.215,177.3,479412
2022-04-28,178.77,179.44,175.27,179.34,204994
2022-04-29,178.73,182.93,175.84,177.56,236715
2022-05-02,176.86,180.7,175.43,179.82,232845
2022-05-03,180.57,182.32,177.42,179.68,338535
2022-05-04,190.62,191.78,179.68,186.36,655858
2022-05-05,190.02,193.33,184.34,186.99,364419
2022-05-06,183.87,187.02,181.19,184.09,610253
2022-05-09,181.78,184.95,177.91,178.58,414837
2022-05-10,181.09,183.9,174.36,179.11,729897
2022-05-11,177.63,184.26,177.63,179.49,513954
2022-05-12,179.96,182.48,178.735,181.37,419685
2022-05-13,182.04,185.005,181.535,183.44,792372
2022-05-16,183.94,189.87,182.25,185.13,203423
2022-05-17,186.2,191.25,186.2,190.99,503787
2022-05-18,188.51,192.2,184.86,185.38,370330
2022-05-19,184.66,187.8,182.385,186.31,254351
2022-05-20,188.07,188.88,184.58,188.33,466013
2022-05-23,188.81,217.85,188.81,210.14,1532460
2022-05-24,210.5,220.015,209.12,218.95,996060
2022-05-25,219.99,229.82,217.14,228.39,828026
2022-05-26,225.95,227.96,221.56,224.78,590621
2022-05-27,226.12,236.06,223.02,235.83,544087
2022-05-31,230.86,233.66,227.96,230.34,633692
2022-06-01,232.34,234.53,226.43,231.29,436792
2022-06-02,230.15,230.15,222.03,228.23,428232
2022-06-03,227.32,231.34,225.85,228.64,436806
2022-06-06,230,231.99,224.32,225.84,614202
2022-06-07,225.61,230.5849,223.5,228.62,430378
2022-06-08,228.96,231.21,227.145,228.73,318229
2022-06-09,227.28,227.4576,220.62,221.16,687987
2022-06-10,220.25,221.69,218.21,220.65,461590
2022-06-13,218.02,219.52,214.08,216.46,417189
2022-06-14,216.5,218.425,213.66,218.24,314132
2022-06-15,218.39,223,215,220.09,662389
2022-06-16,214.94,218.66,214.405,217.67,342326
2022-06-17,219.48,222.14,215.46,219.38,988364
2022-06-21,221.03,231.08,221.03,228.84,740660
2022-06-22,224.39,235.23,221.16,232.31,781372
2022-06-23,232.31,242.52,232.31,240.86,747807
2022-06-24,241.01,242.93,235.43,238.95,606463
2022-06-27,237.6,241.775,236.19,241.14,414563
2022-06-28,241.5,243.3,233.19,234.02,388456
2022-06-29,235.1,239.765,233.6793,238.29,363261
2022-06-30,235.36,239.51,234.47,235.64,378337
2022-07-01,234.05,239.08,232.13,238,250778
2022-07-05,235.63,237.53,232.48,237.15,284770
2022-07-06,237.53,244.8308,237.07,241.9,616004
2022-07-07,240.62,244.57,239.24,240.2,460277
2022-07-08,239.65,245.48,239.65,244.17,407770
2022-07-11,241.29,244.21,238.14,241.79,252249
2022-07-12,241.51,242.63,233.74,239.72,440776
2022-07-13,235.61,240.2578,235.61,236.83,362339
2022-07-14,234.86,238.19,230,237.13,376324
2022-07-15,236.98,240.46,234.41,240.08,379361
2022-07-18,241.06,242.67,231.96,234.11,276919
2022-07-19,235.99,239.75,217.42,231.43,1018536
2022-07-20,232.81,232.81,221.03,226.13,528882
2022-07-21,226.14,227.885,224.32,226.2,408001
2022-07-22,223.67,225.72,221.91,225.45,280621
2022-07-25,226.45,229,224.055,227.98,300225
2022-07-26,229,233.35,227.505,231.44,477807
2022-07-27,229.57,232.41,226.4641,231,288956
2022-07-28,230.68,232.19,222.94,229.99,344050
2022-07-29,228.55,231.19,226.55,231.07,368328
2022-08-01,230.2,230.81,224.41,225.3,412198
2022-08-02,226.18,227.78,223.11,224.75,369578
2022-08-03,225.36,238.39,225.36,228.52,591941
2022-08-04,225.81,229.94,221.22,221.35,383363
2022-08-05,221.87,224.58,219.92,221.65,329369
2022-08-08,220.44,222.95,211.99,218.73,574681
2022-08-09,219.36,221.92,217.485,219.17,340604
2022-08-10,220.15,221.9,217.63,221.49,224651
2022-08-11,220.66,222.82,219.04,220.41,348714
2022-08-12,220.66,224.06,215.41,217.1,556550
2022-08-15,217.47,218.65,212.91,218.36,630084
2022-08-16,219.36,223.44,218.72,221.66,333422
2022-08-17,221.01,222.965,218.39,221.63,224357
2022-08-18,222.24,223.61,218.63,223.44,230131
2022-08-19,223.6,225.69,221.93,224.44,254558
2022-08-22,224.32,224.61,218.8,220.31,201003
2022-08-23,219.88,226.7,217.63,226.51,353431
2022-08-24,228.05,228.05,218.75,222.49,379641
2022-08-25,223.78,224.09,219.52,220.78,244523
2022-08-26,221.32,221.7954,214.59,215.3,304942
2022-08-29,213.89,219.71,212.73,217.49,245891
2022-08-30,217.16,232.06,215.54,218.97,728888
2022-08-31,219.73,230.25,208.25,226.62,1365465
2022-09-01,225.09,227.45,221.52,226.07,383133
2022-09-02,227.42,228.5,221.78,222.91,366528
2022-09-06,222,224.91,220.25,222.35,303602
2022-09-07,220.88,224.81,218.97,222.08,272407
2022-09-08,222.37,224.5,220.26,223.71,329720
2022-09-09,223.37,224.9,222.38,223.48,244215
2022-09-12,223.48,225.0979,220.835,221.94,232189
2022-09-13,220.41,220.51,215.02,216.57,386314
2022-09-14,217.94,219.71,216.135,219.18,499392
2022-09-15,220,221.66,218.29,220.64,263765
2022-09-16,220.79,221.89,216.73,218.11,702703
2022-09-19,217.23,218.48,214,216.89,295501
2022-09-20,212.68,213.032,205.07,207.18,674880
2022-09-21,207.54,210.64,204.96,205.57,350640
2022-09-22,206.27,210.09,201.65,207.98,291644
2022-09-23,207.01,208.485,203.075,207.62,434419
2022-09-26,206.67,208.95,202.31,203.3,291676
2022-09-27,203.82,207.93,203.45,205.89,249654
2022-09-28,208.01,211.43,206,211.08,295885
2022-09-29,210.64,210.64,205.03,207.94,285745
2022-09-30,208.02,210.81,207.16,209.38,418465
2022-10-03,211.56,215.71,211.36,213.93,388336
2022-10-04,214.54,217.31,212.56,215.62,376574
2022-10-05,214.89,215.29,210.61,212.05,303506
2022-10-06,210.85,211.12,207.97,209.8,210877
2022-10-07,208.93,209.09,206.09,206.77,257693
2022-10-10,207.19,208.305,205.35,205.95,151173
2022-10-11,208.84,213.44,207.73,211.48,312468
2022-10-12,212.07,212.575,209.48,211.25,221946
2022-10-13,210.35,216.53,209.57,213.76,350844
2022-10-14,214.27,217.9299,214.27,216.44,275678
2022-10-17,217.32,223.42,217.075,221.98,335747
2022-10-18,223.54,224.28,219.07,219.38,293674
2022-10-19,217.99,218.28,214.9,216.59,326918
2022-10-20,216.88,217.525,214.53,215.85,194523
2022-10-21,216.47,220.26,216.1,219.3,265418
2022-10-24,219.58,224.03,218.82,222.09,265799
2022-10-25,220.83,227.3,220.83,226.76,259701
2022-10-26,228.11,231.815,226.82,227.7,270517
2022-10-27,229.42,230.98,225.23,225.81,238413
2022-10-28,227.31,232.98,225.19,232.15,299910
2022-10-31,230.5,231.495,226.96,230.53,368396
2022-11-01,230.28,234.1,227.9,228.39,401054
2022-11-02,236.01,259.1811,233.16,253.65,1703728
2022-11-03,255.02,270.44,253.95,265.42,795646
2022-11-04,264.29,268.23,261.64,264.69,393657
2022-11-07,263.11,270.43,262.67,266.8,477637
2022-11-08,265.09,266,260.24,262.84,477095
2022-11-09,262.59,267.14,260.03,264.41,353997
2022-11-10,269.56,270.61,256.825,263.38,450776
2022-11-11,264.03,264.03,251.54,255.45,499205
2022-11-14,257.38,262.36,254.045,254.64,293956
2022-11-15,256.8,261.3401,255.01,259.12,362855
2022-11-16,259.89,266.36,259.89,261.05,291954
2022-11-17,260.35,265.36,257.47,264.75,350151
2022-11-18,264.85,266.215,259.63,264.62,342561
2022-11-21,265.05,269.38,263.1138,265.59,248283
2022-11-22,266.65,271.22,263.38,270.93,291041
2022-11-23,270.43,271.92,266.48,266.86,191790
2022-11-25,267.59,268.45,266.23,268.07,78422
2022-11-28,267.41,271.88,267.41,270.69,297190
2022-11-29,270.5,271.53,268.6,271.03,240116
2022-11-30,272.33,280.27,271.3,279.89,562741
2022-12-01,279.89,280.43,274.63,275.61,267745
2022-12-02,273.91,282.22,273.91,278.55,252631
2022-12-05,271.4,274.04,264.8375,273.72,606382
2022-12-06,275,277.9551,269.985,276.6,483873
2022-12-07,275.9,278.9698,272.37,277.08,316477
2022-12-08,276.19,281.32,275.97,279.88,408149
2022-12-09,278.14,283.09,277.73,280.43,564253
2022-12-12,279.31,280.565,276.66,280.01,229683
2022-12-13,280.02,280.74,275.88,276.43,290508
2022-12-14,275,279.8,274.2,276.71,444433
2022-12-15,277.1,277.49,270.8959,275.85,352700
2022-12-16,274.7,280.79,273.37,278.96,1008107
2022-12-19,278.39,281.4,267.45,271.65,458729
2022-12-20,272.03,274.315,269.2,274.05,387793
2022-12-21,273.32,278.25,271.33,273.75,363971
2022-12-22,274.46,277.5,272.32,277.25,194458
2022-12-23,277.72,279.17,275.335,278.82,245750
2022-12-27,280.09,280.88,271.72,273.75,213139
2022-12-28,273.89,276.32,271.73,273.36,211262
2022-12-29,274.36,277.48,272.9,275.99,257942
2022-12-30,274.97,278.5,273.57,278.09,275857
